{
	"class_name" : "PinholeCameraParameters",
	"extrinsic" : 
	[
		-0.74854323606730644,
		-0.44521449306802713,
		0.49139299842393408,
		0.0,
		-0.66240206576189542,
		0.46842492035331396,
		-0.58463800532155386,
		0.0,
		0.030108587018630704,
		-0.76312656168827675,
		-0.64554730565123608,
		0.0,
		-0.33368760928463237,
		-0.5435792512748292,
		1.3629495821630206,
		1.0
	],
	"intrinsic" : 
	{
		"height" : 1024,
		"intrinsic_matrix" : 
		[
			886.81001347526524,
			0.0,
			0.0,
			0.0,
			886.81001347526524,
			0.0,
			959.5,
			511.5,
			1.0
		],
		"width" : 1920
	},
	"version_major" : 1,
	"version_minor" : 0
}